{
  "manifest": {
    "apis": {
      "custom": {
        "endpoint": {
          "uri": "arn:aws:lambda:us-east-1:427984422218:function:d6878c0e-6c6b-4a1c-8533-07d7887efb96:Release_0"
        },
        "interfaces": []
      }
    },
    "manifestVersion": "1.0",
    "publishingInformation": {
      "locales": {
        "es-ES": {
          "name": "Feliz Cumple",
          "summary": "Sample Short Description",
          "description": "Sample Full Description",
          "examplePhrases": [
            "Alexa open hello world",
            "hello",
            "help"
          ],
          "keywords": []
        }
      },
      "isAvailableWorldwide": true,
      "testingInstructions": "Sample Testing Instructions.",
      "category": "KNOWLEDGE_AND_TRIVIA",
      "distributionCountries": []
    }
  }
}